Accomodation|AccomodationId,AccomodationTypeId,ActivityTypeId,AddressId,Alternates,BookingAlert,BookingCode,BrandCode,CategoryId,ChainCode,ClientConfirmation,CommissionRate,CompanyKT,CompanyTE,CopyRight,CustomVendorId,DateCreated,Deleted,Description,description_orig_value_,gHotelId,gHotelId_backup,GTA_ID,GTManaged,HotelBrandCodeId,HotelChainCodeId,HotelSupplierId,IsActive,IsCustom,IsDescriptionOnly,IsFeatured,IsGlobal,LastModifiedDate,LastUpdatedBy,LastUpdatedByDate,LocaleId,LocationId,Markup,MaxDoubleRate,MinDoubleRate,Name,OverviewDescription,Preferred,PriceRackRate,rewriteURL,ServiceRateTypeId,StatusId,UseCustomMarkup,UseCustomVendor
AdWordsView_ClientAdGroup|AdgroupID,AdgroupName,CampaignId,CityId,ClientId,CountryId,CurrentItineraryId,Date,DateCreated,Deleted,Id,MetroAreaId,QuoteAgentActionTypeId,QuoteAgentId,RegionId
AdWordsView_ClientAdId|AdId,CampaignId,CityId,ClientId,CountryId,CurrentItineraryId,Date,DateCreated,Id,MetroAreaId,QuoteAgentActionTypeId,QuoteAgentId,RegionId
bi_EligibleAgentRewards|AdjustedPrice,BookedDate,InitialPaymentDate,Quote Agent,Tour Agent,TripName,TripReference,TripStartDate
bi_vw_ActivityHistory|Activity Name,Activity Type,ActivityId,Change Date,Change Description,Change Type,Changed By,Deleted,Location,New Value,Old Value,URL,Vendor
bi_vw_CoaAllocationTree|CoaAllocationId,companyid,companyName,level,Name,parentCoaAllocationId,parentName
bi_vw_DynamicHotelArbitrageFeeTrip|ArbitrageCurrency,BookedDate,CustomServiceName,Expr1,Expr2,TripId,TripStartDate
bi_vw_DynamicHotelBookings|ActualConvertedCost,ActualCost,ArbitrageCurrency,ArbitrageFee,ArbitrageFeeUSD,BookedDate,ConvertedCost,ConvertedCost_CurrencyId,ConvertedCostCurrency,ConvertedCostVarience,Cost,Cost_CurrencyId,CostCurrency,CostVarience,countrylocale,countrylocaleid,CustomServiceName,DMCCost,DMCCostCurrency,DMCCostUSD,DMCRateDiffCurrency,GlobalServiceId,GuestRoom,HotelId,HotelName,IsCustomService,ItineraryId,ItineraryServiceId,Name,ProviderName,ProviderServiceId,QuoteAgentId,QuotedGroupAllocation,regionlocale,regionlocaleid,SavingsUSD,ServiceStartDate,SourceLocaleId,TripId,UseCustomCost,vendordisplayname,vendorId,VendorParentId
bi_vw_DynamicHotelCostCompare|BookedDate,Country,CustomServiceName,HotelId,HotelLocaleId,HotelMapped,HotelName,HotelRoomCategoryId,ItineraryId,ItineraryServiceId,Locale,Markup,ProviderCost,ProviderCostCurrency,ProviderCostUSD,ProviderCostUSDWithFee,ProviderCostWithFee,ProviderName,Region,SabreCost,SabreCostCurrency,SabreCostUSD,ServiceStartDate,SubRegion,TmtCost,TmtCostCurrency,TmtCostUSD,TmtCustomCost
bi_vw_DynamicHotelCostVarianceTrip|ActualCost,ActualCostUSD,BookedDate,CostVarience,CostVarienceUSD,CurrencyId,Expr1,QuoteAgentId,QuotedCost,QuotedCostUSD,TripId,TripStartDate,VendorId
bi_vw_DynamicHotelMapping|AdxHotelRoomCategoryId,AdxRoomCategory,Country,CountryId,Description,HotelId,HotelRoomCategoryId,HotelSearchProviderId,Ismapped,LocaleId,LocaleName,ProviderName,RegionId,RegionName,TeHotelRoomCategoryId,TmtRoomCategoryName
bi_vw_GroundBookedService|BookedDate,ConvertedCost,ConvertedCost_CurrencyId,Cost,Cost_CurrencyId,Ground2VehicleId,GroundId,GroundName,IsCustomService,ItineraryId,ItineraryReference,ItineraryServiceId,ItineraryStartDate,LocaleId,Markup,ServiceName,ServiceStartDate,TMTConvertedCostCurrency,TMTCostCurrency,TripId,UseCustomCost,VehicleCapacity,VehicleName,VendorId,VendorName,VendorParentId
bi_vw_GroundVendorRate|Currency,CurrencyId,Description,Ground2VehicleId,GroundId,IsActive,LocaleId,Name,RateFlat,RatePerPerson,RatePerVehicle,RateRangeSingleFlat,RateTypeName,SeasonEndDate,SeasonStartDate,VehicleCapacity,VehicleName,VendorDisplayName,VendorId,VendorParentId
bi_vw_HotelBedbankMapping|gHotelId,gHotelRoomId,HotelDescription,HotelId,HotelIsActive,HotelIsPreferred,HotelLocaleId,HotelName,HotelRoomCategoryDescription,HotelRoomCategoryId,HotelRoomCategoryName,ProviderId,ProviderName,TeHotelRoomCategoryId,TeHotelRoomName
bi_vw_HotelBookedService|BookedDate,ConvertedCost,ConvertedCost_CurrencyId,Cost,Cost_CurrencyId,HotelId,HotelName,HotelRoomCategoryId,HotelRoomCategoryName,IsCustomService,ItineraryId,ItineraryReference,ItineraryServiceId,ItineraryStartDate,LocaleId,Markup,NumDoubleRooms,NumQuadRooms,NumSingleRooms,NumTripleRooms,NumTwinRooms,ServiceName,ServiceStartDate,TMTConvertedCostCurrency,TMTCostCurrency,TripId,UseCustomCost,vendorId,vendorName,VendorParentId
bi_vw_HotelRoomCategory|gHotelId,gHotelRoomId,HotelDescription,HotelId,HotelIsActive,HotelIsPreferred,HotelLocaleId,HotelName,HotelRoomCategoryDescription,HotelRoomCategoryId,HotelRoomCategoryName
bi_vw_HotelVendorRate|Flat,gHotelId,gHotelRoomId,HotelDescription,HotelId,HotelIsActive,HotelIsPreferred,HotelLocaleId,HotelName,HotelRoomCategoryDescription,HotelRoomCategoryId,HotelRoomCategoryName,HotelRoomTypeName,HotelVendorIsActive,IsDescriptionOnly,RateTypeId,SeasonEndDate,SeasonStartDate,vendorId,vendorName,VendorParentId
bi_vw_LeadAssignmentExpiredLeads|ClientRequestId,DateCreated,IsExpired,LeadAssignment_QuoteAgentId
bi_vw_LeadAssignmentTransactionDetail|AgentLead,AssignedByDirector,AssignedById,AssignedByOther,AssignedThroughQueue,AssignedToId,ClaimedTime,ClientId,ClientRequestId,ClientTypeId,COAAllocationId,CompletedDate,CurrentItineraryId,DateCreated,DirectLead,IsProcessed,LeadAssignment_QuoteAgentId,LeadAssignmentId,LeadDeleted,LeadsCreatedbySelf,LocaleId,Parent_QuoteAgentId,ParentLeadAssignmentId,QuoteAgentActionId,QuoteAgentActionTypeId,RepeatLead,TakenFromPool,TemplateItineraryId
bi_vw_LocaleTree|localeid,localeTypeId,localeTypeName,Name,parentLocaleId,parentLocaleTypeId,parentLocaleTypeName,parentName
bi_vw_QuoteAgent|AirAgent,AllocationName,CoaAllocationId,Email,EmployeeId,IsManager,Name,OutsideSalesAgent,QuoteAgentId,StartDate
bi_vw_RateFreshness|ActivityId,Age,cost,Currency,LastRateEditDate,Locale,Region,ServiceName,Servicetype,VendorCreatedDate,vendordisplayname,vendorId,VendorLastModifiedDate
bi_vw_RevenueAllocation|Amount,AmountUSD,BookedDate,Channel,ClientId,CompanyBrandId,CompanyId,CurrencyId,EarnedDate,LocaleId,ParentVendorId,PostingDate,ProductCancelled,ProductId,ProductItemCoaAllocationId,ProductItemId,ProductItemName,ProductItemType,ProductTypeId,RevCoaAllocationId,ServiceId,TourAgentId,TripBookedDate,TripCancelledDate,TripCoaAllocationId,TripId,TripLedgerId,TripLedgerQuoteAgentId,TripQuoteAgentId,TripReference,TripStartDate,VendorCoaAllocationId,VendorId,VendorName,VendorTypeId
bi_vw_SalesActivity|Channel,ClientId,ClientTypeId,CompletedDate,CurrentItineraryId,DateCreated,FollowUpDate,KPI_EmailPhoneRequote,KPI_FirstQuote,KPI_FollowUpEmail,KPI_FollowUpPhone,KPI_PostSaleActivity,KPI_PreSaleActivity,ParentQuoteAgentActionId,QuoteAgentActionId,QuoteAgentActionTypeId,QuoteAgentActionTypeName,QuoteAgentId,SalesCoaallocationId
bi_vw_SalesFirstQuote|Channel,ClientId,ClientTypeId,CompletedDate,CurrentItineraryId,DateCreated,FollowUpDate,QuoteAgentActionId,QuoteAgentActionTypeId,QuoteAgentActionTypeName,QuoteAgentId,SalesCoaallocationId
bi_vw_SalesFirstQuoteWithRevenueCost|Channel,ClientId,ClientTypeId,CompletedDate,CurrentItineraryId,DateCreated,FollowUpDate,QuoteAgentActionId,QuoteAgentActionTypeId,QuoteAgentActionTypeName,QuoteAgentId,QuotedCoAm,QuotedCost,QuotedMargin,QuotedRevenue,SalesCoaallocationId
bi_vw_SalesOperations|Cancelled,ClientRefundFTC,ClientRefundPayment,NumNPSDetractors,NumNPSPromoters,NumNPSScores,QuoteAgentId,SalesCoaAllocationId,TripBookedDate,TripId,TripReference,TripStartDate
bi_vw_TransportBookedService|BookedDate,ConvertedCost,ConvertedCost_CurrencyId,Cost,Cost_CurrencyId,IsCustomService,ItineraryId,ItineraryReference,ItineraryServiceId,ItineraryStartDate,LocaleId,Markup,ServiceName,ServiceStartDate,TMTConvertedCostCurrency,TMTCostCurrency,TransportCapacity,TransportCategoryId,TransportCategoryName,TransportId,TransportName,TripId,UseCustomCost,VendorId,VendorName,VendorParentId
bi_vw_TransportVendorRate|Currency,CurrencyId,Description,DestinationLocaleId,IsActive,RateFlat,RatePerPerson,RatePerVehicle,RateRangeSingleFlat,RateTypeName,SeasonEndDate,SeasonStartDate,SourceLocaleId,TransportCapacity,TransportCategoryId,TransportCategoryName,TransportId,TransportName,VendorDisplayName,VendorId,VendorParentId
bi_vw_TravelAgent|Address1,Address2,City,ConsortiumId,ConsortiumName,Country,createddate,Email,Phone,PostalCode,QuoteAgentId,QuoteAgentName,State,TourAgentId,TourAgentName,TravelAgencyId,TravelAgencyName,Vip
bi_vw_TravelerInvoice|Amount,AmountUSD,BookedDate,Channel,ClientId,CompanyBrandId,CompanyId,CurrencyId,DueDate,EarnedDate,PostingDate,ProductCancelled,ProductCoaAllocationId,ProductId,ProductTypeId,TourAgentId,TravelerId,TripBookedDate,TripCancelledDate,TripCoaAllocationId,TripId,TripLedgerId,TripLedgerQuoteAgentId,TripQuoteAgentId,TripReference,TripStartDate
bi_vw_TravelerPayment|Amount,AmountUSD,ClientId,COAID,CompanyBrandId,CompanyId,CurrencyId,DateCreated,InvoiceTypeId,Memo,PaymentDate,ProductCancelled,ProductCoaAllocationId,ProductId,ProductTypeId,RecordedPaymentTypeId,Reference,SourceAmount,SourceCurrencyId,TourAgentId,TravelerId,TripBookedDate,TripCancelledDate,TripCoaAllocationId,TripId,TripQuoteAgentId,TripReference,TripStartDate
bi_vw_Trip|AgentAddress1,AgentAddress2,AgentCity,AgentCountry,AgentEmail,AgentFax,AgentFirstName,AgentLastName,AgentPhone,AgentPostalCode,AgentProvince,Channel,ClientAddress1,ClientAddress2,ClientAlternatePhone,ClientCity,ClientCountry,ClientDateOfBirth,ClientEmail,ClientFirstName,ClientId,ClientLastName,ClientPhone,ClientPostalCode,ClientProvince,CompanyBrandId,CompanyId,TourAgentId,TripBookedDate,TripCancelledDate,TripCoaAllocationId,TripId,TripName,TripQuoteAgentId,TripReference,TripStartDate
bi_vw_TripCountryLocale|ClientId,CompanyBrandId,CompanyId,TourAgentId,TripBookedDate,TripCancelledDate,TripCoaAllocationId,TripCountryLocaleId,TripId,TripQuoteAgentId,TripReference,TripStartDate
bi_vw_TripCountryLocale_2|ClientId,CompanyBrandId,CompanyId,ItineraryId,TourAgentId,TripBookedDate,TripCancelledDate,TripCoaAllocationId,TripCountryLocaleId,TripId,TripQuoteAgentId,TripReference,TripStartDate
bi_vw_Vendor|Address,Address2,City,CoaAllocationId,CompanyId,Contact,Country,CurrencyCode,CurrencyId,Email,Inactive,LocaleId,ParentId,Phone,PostalCode,Province,VendorDisplayName,VendorId,VendorName,VendorTypeId
bi_vw_VendorCost|Amount,AmountUSD,BookedDate,Channel,ClientId,CompanyBrandId,CompanyId,CurrencyId,EarnedDate,LocaleId,NumberOfDays,ParentVendorId,PostingDate,ProductCancelled,ProductId,ProductItemCoaAllocationId,ProductItemId,ProductItemName,ProductItemType,ProductTypeId,QuotedCostAmount,QuotedCostUSDAmount,ServiceId,TourAgentId,TripBookedDate,TripCancelledDate,TripCoaAllocationId,TripId,TripLedgerId,TripLedgerQuoteAgentId,TripQuoteAgentId,TripReference,TripStartDate,VendorCoaAllocationId,VendorId,VendorName,VendorTypeId
bi_vw_VendorPayment|Amount,AmountUSD,ClientId,COAID,CompanyBrandId,CompanyId,CurrencyId,DateCreated,Memo,NumberOfDays,ParentVendorId,PaymentDate,ProductCancelled,ProductId,ProductTypeId,Reference,SourceAmount,SourceCurrencyId,TourAgentId,TripBookedDate,TripCancelledDate,TripCoaAllocationId,TripId,TripQuoteAgentId,TripReference,TripStartDate,VendorCoaAllocationId,VendorId,VendorName,VendorTypeId
bi_vw_VendorServiceMarkupSummary|LocaleId,LocaleName,LocaleServiceName_Display,LocaleServiceName_UniqueKey,LocaleTypeName,Markup,ServiceManagementId,ServiceTypeName,TableDisplayOrder,VendorId,VendorMarkupId,VendorName
bi_vw_VPOQuote|Amount,AmountUSD,BookedDate,Channel,ClientId,CompanyBrandId,CompanyId,CurrencyId,EarnedDate,IsDynamicHotel,IsVPOAutoAdjustment,IsVPOQuoteAgent,LocaleId,NumberOfDays,ParentVendorId,PostingDate,ProductCancelled,ProductId,ProductItemCoaAllocationId,ProductItemId,ProductItemName,ProductItemType,ProductTypeId,ServiceId,TourAgentId,TripBookedDate,TripCancelledDate,TripCoaAllocationId,TripId,TripLedgerId,TripLedgerQuoteAgentId,TripQuoteAgentId,TripReference,TripStartDate,VendorCoaAllocationId,VendorId,VendorName,VendorTypeId
ClientQuoteRequestActions|ClaimedTime,ClientId,ClientRequestId,ClientRequestTypeId,ClientTypeId,COAAllocationId,CompanyBrandId,DateCreated,Deleted,FirstName,IsInOpenPool,IsProcessed,LastName,LeadAssignmentId,LocaleId,PreferredContactId,QuoteAgentActionId,QuoteAgentActionTypeId,QuoteAgentId,TemplateItineraryId
CruiseItinerarySummary|CruiseDestinationId,CruiseItineraryId,CruiseShipId,CruiseVendorId,Date,DepartCruisePortId,Description,Destination,NumberOfDays,RevelexShipId,RevelexVendorId
CruiseItinerarySummary_Sergey|CruiseDestinationId,CruiseItineraryId,CruisePortId,CruiseShipId,CruiseVendorId,Date,Description,Destination,NumberOfDays
Dean_VPOS|amount,amountUSD,BilledDate,copiedfromvendorpurchaseorderid_,currencyid,DateCreated,Description,DueDate,InternalNotes,ItineraryHistoryBatchId,ItineraryId,itineraryserviceid,RegisterTransactionId,TripLedgerId,VendorId,VendorPurchaseOrderId
DevDocs_StatsView|adds,dev,devid,edits,wordcount
DynamicHotel_DMC_Rate|DefaultCurrencyId,Flat,gHotelId,gHotelRoomId,HotelDescription,HotelId,HotelIsActive,HotelIsPreferred,HotelLocaleId,HotelName,HotelRoomCategoryDescription,HotelRoomCategoryId,HotelRoomCategoryName,HotelRoomTypeId,HotelRoomTypeName,HotelVendorIsActive,IsDescriptionOnly,Name,RateTypeId,SeasonEndDate,SeasonStartDate,Symbol,vendorId,vendorName,VendorParentId
Finance_ItineraryServiceAirfareSummary|billeddate,companyid,costusd,dateofsale,ProductId,ProductTypeId,QuoteAgentId,revenueusd,TripId
Finance_ItineraryServiceInsuranceSummary|billeddate,companyid,costusd,dateofsale,ProductId,ProductTypeId,QuoteAgentId,revenueusd,TripId
Finance_ItineraryServiceInsuranceSummary_TravInv|billeddate,companyid,costusd,dateofsale,ProductId,ProductTypeId,QuoteAgentId,revenueusd,TripId
Finance_PaymentsDue_ByTraveler|DueDate,InvoiceTypeId,PaymentDue,PaymentDue_CurrencyId,TravelerId
Finance_PaymentsDue_CumulativeGroupedInvoiceAmountsByItinerary|Amount,AmountUSD,CumulativeAmount,CumulativeAmountUSD,currencyid,duedate,invoicetypeid,itineraryid
Finance_PaymentsDue_CumulativeGroupedInvoiceAmountsByTraveler|Amount,AmountUSD,CumulativeAmount,CumulativeAmountUSD,currencyid,duedate,invoicetypeid,travelerid
Finance_PaymentsDue_GroupedInvoiceAmountsByItinerary|Amount,AmountUSD,currencyid,duedate,invoicetypeid,itineraryid
Finance_PaymentsDue_GroupedInvoiceAmountsByTraveler|Amount,AmountUSD,currencyid,duedate,invoicetypeid,travelerid
Finance_PaymentsDue_GroupedPaymentsByItinerary|currencyid,invoicetypeid,itineraryid,PaymentAmount,PaymentAmountUSD
Finance_PaymentsDue_GroupedPaymentsByTraveler|currencyid,invoicetypeid,itineraryid,PaymentAmount,PaymentAmountUSD,travelerid
Finance_ProductItemSummary|billeddate,companyid,costusd,dateofsale,ProductId,ProductTypeId,QuoteAgentId,revenueusd,TripId
Finance_ProductItemSummary_TravInv|billeddate,Bookeddate,Cancelled,coaallocationid,CompanyBrandId,CompanyId,costusd,CurrencyId,DateCancelled,DueDate,MainContactClientId,PostingDate,ProductId,ProductTypeId,QuoteAgentId,revenueusd,salescoaallocationid,TourAgentId,TravelerId,TripId,TripLedgerId,TripQuoteAgentId,TripReference,TripStartDate,TropBookedDate
Finance_Receivables|amount,amountUSD,coaid,CompanyId,currencyid,feeAmount,feeAmountUSD,feeSourceAmount,invoicetypeid,itineraryhistorybatchid,itineraryid,memo,paymentdate,recordedpaymenttypeid,reference,RegisterTransactionid,sourceamount,sourcecurrencyid
finance_receivables_modified|amount,amountUSD,coaid,companyid,currencyid,feeamount,feeAmountUSD,feeSourceAmount,itineraryhistorybatchid,itineraryid,memo,paymentdate,recordedpaymenttypeid,reference,registertransactionid
Finance_VendorTripCostByIS|ActualCost,ItineraryId,vendorid
Finance_VendorTripCostByPI|ActualCost,ActualCostUSD,Currency,ProductId,VendorId
Finance_VendorTripCostByVPO|ItineraryId,VendorId,vpoAmount
FinanceViewRevenueAllocation|Amount,AmountUSD,BookedDate,CompanyBrandId,CompanyId,CurrencyId,EarnedDate,MainContactClientId,ParentVendorId,PostingDate,ProductCancelled,ProductId,ProductItemCoaAllocationId,ProductItemId,ProductItemName,ProductItemType,ProductTypeId,RevCoaAllocationId,ServiceId,TripBookedDate,TripCancelledDate,TripCoaAllocationId,TripId,TripLedgerId,TripLedgerQuoteAgentId,TripQuoteAgentId,TripReference,TripStartDate,VendorCoaAllocationId,VendorId,VendorName,VendorTypeId
FinanceViewTravelerInvoice|Amount,AmountUSD,BookedDate,Channel,ClientId,CompanyBrandId,CompanyId,CurrencyId,DueDate,EarnedDate,PostingDate,ProductCancelled,ProductCoaAllocationId,ProductId,ProductTypeId,TourAgentId,TravelerId,TripBookedDate,TripCancelledDate,TripCoaAllocationId,TripId,TripLedgerId,TripLedgerQuoteAgentId,TripQuoteAgentId,TripReference,TripRegionCoaAllocationId,TripStartDate,TripSubRegionCoaAllocationId
FinanceViewVendorCost|Amount,AmountUSD,BookedDate,Channel,ClientId,CompanyBrandId,CompanyId,CurrencyId,EarnedDate,ParentVendorId,PostingDate,ProductCancelled,ProductId,ProductItemCoaAllocationId,ProductItemId,ProductItemName,ProductItemType,ProductTypeId,ServiceId,TourAgentId,TripBookedDate,TripCancelledDate,TripCoaAllocationId,TripId,TripLedgerId,TripLedgerQuoteAgentId,TripQuoteAgentId,TripReference,TripStartDate,VendorCoaAllocationId,VendorId,VendorName,VendorTypeId
get_newid|new_id
GlobalGround|ActivityTypeDisplayName,ActivityTypeName,CategoryName,Deleted,gGroundId,GroundId,GroundName,LocaleId,LocaleName,LocationId,PerferredDetailsProvider,SimpleServiceName
GlobalGround_Beta|Deleted,gGroundId,GroundId,GroundName,LocationId,PerferredDetailsProvider
GlobalGroundVehicle|Capacity,Capacity_new,deleted,gGroundId,gGroundVehicleId,NotAVehicle,TimeOfDayId,TimeOfDayName,VehicleName
GlobalGroundVehicle_Beta|Capacity,deleted,gGroundId,gGroundVehicleId,NotAVehicle,VehicleName
GlobalGroundVehicles_AllDetails|ActivityTypeName,Capacity,CategoryName,deleted,Flat,gGroundId,gGroundVehicleId,GroundName,IsDescriptionOnly,LocaleId,LocaleName,MaximumRange,MaxPerPersonRate,MaxPerVehicleRate,MinimumRange,NotAVehicle,PerferredDetailsProvider,ProviderId,ProviderServiceId,Rate_CurrencyId,RateTypeId,TimeOfDayName,VehicleName,vendordisplayname,vendorId
GlobalGroundVehicleVendor|Capacity,deleted,gGroundVehicleId,GroundId,IsActive,IsDescriptionOnly,LocaleId,LocaleName,NotAVehicle,ProviderServiceId,Symbol,TimeOfDayName,VehicleName,vendorId,vendorName
GlobalGroundVehicleVendor_Backup|Capacity,deleted,gGroundVehicleId,GroundId,NotAVehicle,ProviderServiceId,Symbol,VehicleName,vendorId,vendorName
GlobalGroundVehicleVendor_WithGround2Vendor|Capacity,deleted,gGroundVehicleId,GroundId,NotAVehicle,ProviderServiceId,Symbol,TimeOfDayName,VehicleName,vendorId,vendorName
GlobalHotelRooms_AllDetails|CategoryName,DefaultCurrencyId,gHotelId,gHotelRoomId,HotelName,IncludedFeatures,IsActive,IsDescriptionOnly,IsTriple,LocaleId,localeisglobal,LocaleName,maxrate,minRate,PerferredDetailsProvider,ProviderId,providerServiceId,Rate_CurrencyId,RoomName,vendordisplayname,vendorId
GlobalService_Ground|ActivityTypeDisplayName,ActivityTypeName,ApplyArbitrageFee,Capacity,CategoryName,ClientServiceName,DateCreated,deleted,DestinationLocaleId,DestinationLocaleIsGlobal,DestinationLocaleName,Flat,GlobalServiceId,GlobalServiceName,GroundId,HideInDropdown,IsActive,IsCustom,IsCustomServiceDescription,IsDescriptionOnly,IsRateOnRequest,MaximumRange,MaxPerPersonRate,MaxPerVehicleRate,MinimumRange,Preferred,PreferredId,ProviderId,providerserviceid,Rate_CurrencyId,RateTypeId,ServiceId,SimpleServiceName,SourceLocaleId,SourceLocaleIsGlobal,SourceLocaleName,vendordisplayname,vendorId
GlobalService_Hotel|ActivityTypeDisplayName,ActivityTypeName,ApplyArbitrageFee,CategoryName,ClientServiceName,deleted,DestinationLocaleId,DestinationLocaleIsGlobal,DestinationLocaleName,GlobalServiceId,GlobalServiceName,HideInDropdown,IsActive,IsCustom,IsCustomServiceDescription,IsDescriptionOnly,IsRateOnRequest,IsTriple,maxrate,minRate,Preferred,PreferredId,ProviderId,ProviderServiceId,Rate_CurrencyId,ServiceDescriptionId,ServiceId,SimpleServiceName,SourceLocaleId,SourceLocaleIsGlobal,SourceLocaleName,vendordisplayname,vendorId
GlobalService_Hotel_Hints|ActivityTypeDisplayName,ActivityTypeName,ApplyArbitrageFee,CategoryName,ClientServiceName,Deleted,DestinationLocaleId,DestinationLocaleIsGlobal,DestinationLocaleName,GlobalServiceId,GlobalServiceName,HideInDropdown,IsActive,IsCustom,IsCustomServiceDescription,IsDescriptionOnly,IsTriple,maxrate,minRate,Preferred,PreferredId,ProviderId,ProviderServiceId,Rate_CurrencyId,ServiceDescriptionId,ServiceId,SimpleServiceName,SourceLocaleId,SourceLocaleIsGlobal,SourceLocaleName,vendordisplayname,vendorId
GlobalService_Transport|ActivityTypeDisplayName,ActivityTypeName,ApplyArbitrageFee,Capacity,CategoryName,ClientServiceName,CurrencyId,deleted,DestinationLocaleId,DestinationLocaleIsGlobal,DestinationLocaleName,Flat,GlobalServiceId,GlobalServiceName,HideInDropdown,IsActive,IsCustom,IsCustomServiceDescription,IsDescriptionOnly,IsRateOnRequest,MaximumRange,MinimumRange,PerPerson,PerVehicle,Preferred,PreferredId,ProviderId,providerserviceid,RateTypeId,ServiceId,SimpleServiceName,SourceLocaleId,SourceLocaleIsGlobal,SourceLocaleName,vendordisplayname,vendorId
GlobalTransport|ActivityTypeDisplayName,ActivityTypeId,ActivityTypeName,Alerts,CategoryName,Code,Deleted,destinationIsoCountryCode,destinationKTCountryCode,DestinationLocaleId,destinationLocaleName,Duration,gTransportId,Name,sourceIsoCountryCode,sourceKTCountryCode,SourceLocaleId,sourceLocaleName,TransportName,transportTypeId
GlobalTransport_|Alerts,Deleted,destinationIsoCountryCode,destinationKTCountryCode,DestinationLocationId,destinationLocationName,gTransportId,sourceIsoCountryCode,sourceKTCountryCode,SourceLocationId,sourceLocationName,TransportName,transportTypeId
GlobalTransport_AllDetails|ActivityTypeName,Alerts,Capacity,CategoryName,CurrencyId,deleted,destinationIsoCountryCode,destinationKTCountryCode,DestinationLocaleId,destinationLocaleName,Flat,gTransportCategoryId,gTransportId,IsDescriptionOnly,MaximumRange,MinimumRange,NotAVehicle,PerPerson,PerVehicle,ProviderId,providerServiceId,RateTypeId,sourceIsoCountryCode,sourceKTCountryCode,SourceLocaleId,sourceLocaleName,Symbol,TimeOfDayName,TransportCategoryName,TransportName,vendordisplayname,VendorId
GlobalTransport_AllDetails_|Alerts,DepartTime,destinationIsoCountryCode,destinationKTCountryCode,DestinationLocationId,destinationLocationName,Duration,gTransportId,gTransportOptionCategoryId,gTransportOptionId,ProviderId,ProviderServiceId,sourceIsoCountryCode,sourceKTCountryCode,SourceLocationId,sourceLocationName,StopOver,TransportCategoryName,TransportCode,TransportName,vendordisplayname,vendorId
GlobalTransportCategory|Capacity_new,Deleted,gTransportCategoryId,gTransportId,NotAVehicle,TimeOfDayId,TimeOfDayName,TransportCapacity,TransportCategoryName
GlobalTransportCategory_|Deleted,gTransportCategoryId,gTransportId,Name
GlobalTransportCategoryVendor|AirId,Capacity,Deleted,DestinationLocaleId,gTransportCategoryId,IsDescriptionOnly,Name,NotAVehicle,ProviderId,providerServiceId,SourceLocaleId,Symbol,TimeOfDayId,TimeOfDayName,vendordisplayname,VendorId,vendorName
GlobalTransportCategoryVendor_|Deleted,gTransportCategoryId,providerServiceId,VendorId
GlobalTransportOption_|DepartTime,Duration,gTransportId,gTransportOptionId,StopOver,TransportCode
GlobalTransportOptionCategory_|gTransportOptionCategoryId,gTransportOptionId,TransportCategoryName
GlobalTransportOptionCategory_AllCategories_|gTransportOptionCategoryId,gTransportOptionId,TransportCategoryName
GlobalTransportOptionCategory_InclDeleted_|Deleted,gTransportOptionCategoryId,gTransportOptionId,TransportCategoryName
GlobalTransportOptionCategoryVendor_|gTransportOptionCategoryId,ProviderServiceId,VendorId
GroundRateVendors|gGroundVehicleId,ProviderId,vendordisplayname,vendorId
GroundServiceSeason|AdultCapacity,CurrencyId,Deleted,EndDate,Flat,GlobalServiceId,MaxKidAge,MaxKidCapacity,Name,PerPerson,PerVehicle,ProviderServiceId,RateId,RateSetupId,RateStructureSetupId,RateTypeId,SeasonId,ServiceId,ServiceRateTypeId,StartDate,SubItemId,VendorId
GroundVendorVehicle|ground2vehicleId,GroundId,groundName,IsDescriptionOnly,link,LocationId,Markup,PerPerson,PerVehicle,VehicleCapacity,vehicleType,vendorId,vendorName,vId
GroupTraveler|Age,arrivalFlight,ArrivalFlightSORId,Cancelled,clientid,DateOfBirth,deleted,departFlight,DepartureFlightSORId,diet,Email,FirstName,GroupId,GroupOrder,health,InCountryContactNo,IsDefault,ItineraryId,LastName,MiddleName,mobility,ParentGroupId,QuotedTravelerId,Release,ReleaseDate,SystemOfRecordId,TRAMSPassengerNum,travelerId,TravelerOrder,tripid,VisasObtained
HotelRateVendors|gHotelId,gHotelRoomId,gHotelRoomVendorId,HotelName,Name,ProviderId,RoomName,vendordisplayname,VendorId,vendorName
HotelRateVendors_NoGlobalId|gHotelId,gHotelRoomId,gHotelRoomVendorId,HotelName,HotelRoomCategory2VendorId,HotelRoomCategoryId,Name,ProviderId,RoomName,vendordisplayname,VendorId,vendorName
HotelRoomCategory_MaxSeasonEndDate|HotelId,HotelRoomCategoryId,IsDescriptionOnly,Max_SeasonEndDate
HotelRoomCategory_MaxSeasonEndDate_OLD|HotelId,HotelRoomCategoryId,IsDescriptionOnly,Max_SeasonEndDate
HotelRooms_AllDetails|CategoryName,DefaultCurrencyId,gHotelId,gHotelRoomId,HotelName,IncludedFeatures,IsActive,IsDescriptionOnly,IsTriple,LocaleId,localeisglobal,LocaleName,maxrate,minRate,PerferredDetailsProvider,ProviderId,ProviderServiceId,Rate_CurrencyId,RoomName,vendordisplayname,vendorId
HotelServiceSeason|AdultCapacity,CurrencyId,Deleted,EndDate,Flat,GlobalServiceId,MaxKidAge,MaxKidCapacity,Name,PerPerson,PerVehicle,ProviderServiceId,RateId,RateSetupId,RateStructureSetupId,RateTypeId,SeasonId,ServiceId,ServiceRateTypeId,StartDate,SubItemId,VendorId
ItineraryAllDetails|ActiveCode,AgentDbl,AgentGroupName,AgentInfant,AgentKids13to17,AgentKids2to12,AgentMargin,AgentSgl,AgentStartDate,AgentTpl,AirClassId,AllowClientUpload,ArrivalAirport,Banner,Banner_IsOwned,Banner_IsStock,BrandingTypeId,callclientaboutquote,Cancelled,Client2ItineraryId,ClientHidden,ClientId,ClientViewable,Code,Comments,CommissionableAmount,CompanyBrandId,companyid,CompanyKT,CompanyTE,Comparison,contactclientid,contactemail,contactfirstname,contactlastname,contactphone,CopiedFromItineraryId,CopiedFromItineraryQuoteId,CurrencyId,CurrentItineraryId,DateCancellationApproved,DateCreated,DeclinedFlight,DeclinedInsurance,Description,DiscountPercentage,double2people,double4people,EmergencyContactInfo,expr1,expr2,expr3,expr4,FeatureOrder,FeatureText,FeatureTextProduct,GroupName,GroupSize,HideGroupPricing,HidePPRates,HidePricingInfo,Highlights,Image_IsOwned,Image_IsStock,InsuranceProductId,IsActive,IsFeatured,IsGPS,IsGroupAmount,IsLocked,IsNew,IsOverrideApproved,ItineraryCategoryId,ItineraryClassId,ItineraryId,ItineraryMargin,ItineraryPriceOptionId,ItineraryQuoteId,ItineraryRef,ItineraryStartDate,ItinerarySurcharge,ItineraryTypeId,LandingOrder,LastModified,LocaleId,Map,MapSmall,margin,MarketingQuoteDate,MarketingQuoteInterval,Markup,MarkupPercentage,MasterItineraryId,Max4People,MaxDouble,MerchandisingBanner,Min2People,MinDouble,Months,Name,NumberOfDays,NumberOfPeople,PaymentTermId,Photo1,Photo2,Photo3,PriceDisclaimer,PriceDisplayText,PriceNotes,PrimaryCountryId,PurchaseRequestTime,QuoteAgentId,QuoteDate,QuotedCost,QuotedGroupAllocation,QuotedInsuranceMargin,QuotedInsurancePrice,QuotedInsurancePriceCurrencyId,QuotedKidsDiscounts,QuotedMargin,QuotedNotes,QuotedPerDouble,QuotedPerPerson,QuotedPerQuad,QuotedPerSingle,QuotedPerTriple,QuotedPerTwin,QuotedPrice,QuotedPriceWithoutDiscounts,rewriteURL,SalesCOAAllocationId,SearchHeader,StateOfResidenceId,TagId,TemplateTypeId,TourAgentId,Travelers60AndOver,TravelersUnder60,tripname,UseSalesCOAAllocationId,ValidityDate,YearMarkup,ZoomLevel
ItineraryAllDetails_IncludingDeleted|ActiveCode,AgentDbl,AgentGroupName,AgentInfant,AgentKids13to17,AgentKids2to12,AgentMargin,AgentSgl,AgentStartDate,AgentTpl,AirClassId,AllowClientUpload,ArrivalAirport,Banner,Banner_IsOwned,Banner_IsStock,BrandingTypeId,CallClientAboutQuote,Cancelled,Client2ItineraryId,ClientHidden,ClientId,ClientViewable,Code,Comments,CompanyBrandId,CompanyId,Comparison,ContactClientId,ContactEmail,ContactFirstName,ContactLastName,ContactPhone,CopiedFromItineraryId,CopiedFromItineraryQuoteId,CurrencyId,CurrentItineraryId,DateCancellationApproved,DateCreated,DeclinedFlight,DeclinedInsurance,Description,DiscountPercentage,Double2People,Double4People,EmergencyContactInfo,Excludes,FeatureOrder,FeatureText,FeatureTextProduct,GroupName,GroupSize,HideGroupPricing,HidePPRates,HidePricingInfo,Highlights,Image_IsOwned,Image_IsStock,Includes,InsuranceProductId,IsActive,IsFeatured,IsGPS,IsGroupAmount,IsLocked,IsNew,ItineraryCategoryId,ItineraryClassId,ItineraryId,ItineraryMargin,ItineraryPriceOptionId,ItineraryQuoteId,ItineraryRef,ItineraryStartDate,ItinerarySurcharge,ItineraryTypeId,LandingOrder,LastModified,LocaleId,Map,MapSmall,Margin,MarketingQuoteDate,MarketingQuoteInterval,Markup,MarkupPercentage,MasterItineraryId,Max4People,MaxDouble,MerchandisingBanner,Min2People,MinDouble,Months,Name,NumberOfDays,NumberOfPeople,Options,PaymentTermId,Photo1,Photo2,Photo3,PriceDisclaimer,PriceDisplayText,PriceNotes,PurchaseRequestTime,QuoteAgentId,QuoteDate,QuotedCost,QuotedGroupAllocation,QuotedInsuranceMargin,QuotedInsurancePrice,QuotedInsurancePriceCurrencyId,QuotedKidsDiscounts,QuotedMargin,QuotedNotes,QuotedPerDouble,QuotedPerPerson,QuotedPerQuad,QuotedPerSingle,QuotedPerTriple,QuotedPerTwin,QuotedPrice,QuotedPriceWithoutDiscounts,rewriteURL,SalesCOAAllocationId,SearchHeader,StateOfResidenceId,TagId,TemplateTypeId,Terms,TourAgentId,Travelers60AndOver,TravelersUnder60,TripName,UseSalesCOAAllocationId,ValidityDate,YearMarkup,ZoomLevel
ItineraryCosts|ActualCost,ActualCost_CurrencyId,ItineraryId,QuotedCost,QuotedCost_CurrencyId
ItineraryService_AllDetails|ActivityTypeDisplayName,ActivityTypeId,ActivityTypeName,Alerts,ApplyArbitrageFee,ClientServiceName,Comments,ConvertedCost,ConvertedCost_CurrencyId,ConvertToVendorCustomCost,CopiedFromItineraryServiceId,Cost,Cost_CurrencyId,CustomServiceName,DateCreated,Day,DefaultQuotedGroupAllocation,Deleted,DestinationLocaleId,DestinationLocaleIsGlobal,DestinationLocaleName,DisplayOrder,Duration,GlobalServiceId,globalServiceName,HideInDropdown,IsAlertDismissed,IsAlternateForService,IsCommissionable,iscustom,IsCustomGroupAllocation,IsCustomService,IsCustomServiceName,IsPackageService,ItineraryCategoryId,ItineraryDayId,ItineraryId,ItineraryServiceId,ItineraryStartDate,LastModified,Markup,ParentItineraryServiceId,PreCost,PromotionType,ProviderId,ProviderServiceId,QuotedGroupAllocation,ServiceDescriptionId,ServiceId,ServiceStartDate,ShowLocaleInfo,SimpleServiceName,SourceLocaleId,SourceLocaleIsGlobal,SourceLocaleName,TimeOfDayId,UseCustomCost,vendordisplayname,VendorId,VpoThresholdCost
ItineraryService_AllDetails_AllServiceTypes|ActivityTypeId,Alerts,ConvertedCost,ConvertedCost_CurrencyId,CopiedFromItineraryServiceId,Cost,Cost_CurrencyId,CustomServiceName,DateCreated,Day,DefaultQuotedGroupAllocation,Deleted,DestinationLocaleId,DestinationLocaleName,DisplayOrder,Duration,GlobalServiceId,globalServiceName,IsAlertDismissed,IsAlternateForService,IsCommissionable,IsCustom,IsCustomGroupAllocation,IsCustomServiceName,ItineraryCategoryId,ItineraryDayId,ItineraryId,ItineraryServiceId,LastModified,Markup,ParentItineraryServiceId,ProviderId,ProviderServiceId,QuotedGroupAllocation,ServiceDescriptionId,ServiceId,ServiceStartDate,SourceLocaleId,SourceLocaleName,TimeOfDayId,UseCustomCost,vendordisplayname,VendorId
ItineraryService_AllDetails_Beta|ConvertedCost,ConvertedCost_CurrencyId,CopiedFromItineraryServiceId,Cost,Cost_CurrencyId,CustomServiceName,DateCreated,Day,DefaultQuotedGroupAllocation,Deleted,DisplayOrder,Duration,GlobalServiceId,IsAlertDismissed,IsAlternateForService,ItineraryCategoryId,ItineraryDayId,ItineraryId,ItineraryServiceId,LastModified,Markup,ParentItineraryServiceId,ProviderId,ProviderServiceId,QuotedGroupAllocation,ServiceId,ServiceStartDate,TimeOfDayId,vendordisplayname,VendorId
ItineraryService_AllDetails_Dean|Alerts,ConvertedCost,ConvertedCost_CurrencyId,CopiedFromItineraryServiceId,Cost,Cost_CurrencyId,CustomServiceName,DateCreated,Day,DefaultQuotedGroupAllocation,Deleted,DestinationLocaleId,DestinationLocaleName,DisplayOrder,Duration,GlobalServiceId,globalServiceName,IsAlertDismissed,IsAlternateForService,IsCommissionable,iscustom,IsCustomService,IsCustomServiceName,ItineraryCategoryId,ItineraryDayId,ItineraryId,ItineraryServiceId,LastModified,Markup,ParentItineraryServiceId,ProviderId,ProviderServiceId,QuotedGroupAllocation,ServiceDescriptionId,ServiceId,ServiceStartDate,SourceLocaleId,SourceLocaleName,TimeOfDayId,UseCustomCost,vendordisplayname,VendorId
ItineraryService_AllDetails_Ground|ActivityTypeId,Alerts,ConvertedCost,ConvertedCost_CurrencyId,CopiedFromItineraryServiceId,Cost,Cost_CurrencyId,CustomServiceName,DateCreated,Day,DefaultQuotedGroupAllocation,Deleted,DestinationLocaleId,DestinationLocaleName,DisplayOrder,Duration,GlobalServiceId,GlobalServiceName,GroundId,IsAlertDismissed,IsAlternateForService,IsCustom,IsCustomGroupAllocation,ItineraryCategoryId,ItineraryDayId,ItineraryId,ItineraryServiceId,ItineraryStartDate,LastModified,Markup,ParentItineraryServiceId,ProviderId,ProviderServiceId,QuotedGroupAllocation,ServiceId,ServiceStartDate,SimpleServiceName,SourceLocaleId,SourceLocaleName,TimeOfDayId,UseCustomCost,vendordisplayname,VendorId
ItineraryService_AllDetails_Ground_Beta|Alerts,ConvertedCost,ConvertedCost_CurrencyId,CopiedFromItineraryServiceId,Cost,Cost_CurrencyId,CustomServiceName,DateCreated,Day,DefaultQuotedGroupAllocation,Deleted,DisplayOrder,Duration,GlobalServiceId,GlobalServiceName,IsAlertDismissed,IsAlternateForService,IsCustom,ItineraryCategoryId,ItineraryDayId,ItineraryId,ItineraryServiceId,LastModified,LocationId,LocationName,Markup,ParentItineraryServiceId,ProviderId,ProviderServiceId,QuotedGroupAllocation,ServiceId,ServiceStartDate,TimeOfDayId,vendordisplayname,VendorId
ItineraryService_AllDetails_Hotel|ActivityTypeId,Alerts,ConvertedCost,ConvertedCost_CurrencyId,CopiedFromItineraryServiceId,Cost,Cost_CurrencyId,CustomServiceName,DateCreated,Day,DefaultQuotedGroupAllocation,Deleted,DestinationLocaleId,DestinationLocaleName,DisplayOrder,Duration,GlobalServiceId,globalServiceName,HotelId,IsAlertDismissed,IsAlternateForService,IsCustom,IsCustomGroupAllocation,ItineraryCategoryId,ItineraryDayId,ItineraryId,ItineraryServiceId,ItineraryStartDate,LastModified,Markup,ParentItineraryServiceId,ProviderId,ProviderServiceId,QuotedGroupAllocation,ServiceId,ServiceStartDate,SimpleServiceName,SourceLocaleId,SourceLocaleName,TimeOfDayId,UseCustomCost,vendordisplayname,VendorId
ItineraryService_AllDetails_Hotel_Beta|Alerts,ConvertedCost,ConvertedCost_CurrencyId,CopiedFromItineraryServiceId,Cost,Cost_CurrencyId,CustomServiceName,DateCreated,Day,DefaultQuotedGroupAllocation,Deleted,DisplayOrder,Duration,GlobalServiceId,IsAlertDismissed,IsAlternateForService,IsCustom,ItineraryCategoryId,ItineraryDayId,ItineraryId,ItineraryServiceId,LastModified,LocationName,Markup,ParentItineraryServiceId,ProviderId,ProviderServiceId,QuotedGroupAllocation,ServiceId,ServiceStartDate,TimeOfDayId,vendordisplayname,VendorId
ItineraryService_AllDetails_Hotel_NoGlobal|ActivityTypeId,Alerts,ConvertedCost,ConvertedCost_CurrencyId,CopiedFromItineraryServiceId,Cost,Cost_CurrencyId,CustomServiceName,DateCreated,Day,DefaultQuotedGroupAllocation,Deleted,DestinationLocaleId,DestinationLocaleName,DisplayOrder,Duration,GlobalServiceId,globalServiceName,HotelId,IsAlertDismissed,IsAlternateForService,IsCustom,IsCustomGroupAllocation,ItineraryCategoryId,ItineraryDayId,ItineraryId,ItineraryServiceId,LastModified,Markup,ParentItineraryServiceId,ProviderId,ProviderServiceId,QuotedGroupAllocation,ServiceId,ServiceStartDate,SourceLocaleId,SourceLocaleName,TimeOfDayId,UseCustomCost,vendordisplayname,VendorId
ItineraryService_AllDetails_Save|ActivityTypeDisplayName,ActivityTypeId,ActivityTypeName,Alerts,ClientServiceName,Comments,ConvertedCost,ConvertedCost_CurrencyId,CopiedFromItineraryServiceId,Cost,Cost_CurrencyId,CustomServiceName,DateCreated,Day,DefaultQuotedGroupAllocation,Deleted,DestinationLocaleId,DestinationLocaleIsGlobal,DestinationLocaleName,DisplayOrder,Duration,GlobalServiceId,globalServiceName,IsAlertDismissed,IsAlternateForService,IsCommissionable,iscustom,IsCustomGroupAllocation,IsCustomService,IsCustomServiceName,IsPackageService,ItineraryCategoryId,ItineraryDayId,ItineraryId,ItineraryServiceId,ItineraryStartDate,LastModified,Markup,ParentItineraryServiceId,ProviderId,ProviderServiceId,QuotedGroupAllocation,ServiceDescriptionId,ServiceId,ServiceStartDate,ShowLocaleInfo,SimpleServiceName,SourceLocaleId,SourceLocaleIsGlobal,SourceLocaleName,TimeOfDayId,UseCustomCost,vendordisplayname,VendorId
ItineraryService_AllDetails_Transport|ActivityTypeId,Alerts,ConvertedCost,ConvertedCost_CurrencyId,CopiedFromItineraryServiceId,Cost,Cost_CurrencyId,CustomServiceName,DateCreated,Day,DefaultQuotedGroupAllocation,Deleted,destinationKTCountryCode,DestinationLocaleId,DestinationLocaleName,DisplayOrder,Duration,GlobalServiceId,GlobalServiceName,gTransportCategoryId,gTransportId,IsAlertDismissed,IsAlternateForService,IsCustom,IsCustomGroupAllocation,ItineraryCategoryId,ItineraryDayId,ItineraryId,ItineraryServiceId,LastModified,Markup,ParentItineraryServiceId,ProviderId,ProviderServiceId,QuotedGroupAllocation,ServiceId,ServiceStartDate,SimpleServiceName,sourceKTCountryCode,SourceLocaleId,SourceLocaleName,TimeOfDayId,TransportCategoryName,UseCustomCost,vendordisplayname,VendorId
itineraryservice_alldetails_withbookinginfo|ActivityTypeDisplayName,ActivityTypeId,ActivityTypeName,actualConvertedCost,actualConvertedCost_CurrencyId,actualCost,actualCost_currencyId,Alerts,ApplyArbitrageFee,bookingid,bookingstatusid,clientnotes,clientreference,ClientServiceName,coaallocationid,Comments,ConvertedCost,ConvertedCost_CurrencyId,ConvertToVendorCustomCost,CopiedFromItineraryServiceId,Cost,Cost_CurrencyId,critineraryserviceid,CustomServiceName,DateCreated,Day,DefaultQuotedGroupAllocation,Deleted,DestinationLocaleId,DestinationLocaleIsGlobal,DestinationLocaleName,Details,DisplayOrder,driverid,Duration,enddatetime,GlobalServiceId,globalServiceName,HideInDropdown,internalnotes,isactive,IsAlertDismissed,IsAlternateForService,IsCommissionable,iscustom,IsCustomGroupAllocation,IsCustomService,IsCustomServiceName,IsPackageService,ItineraryCategoryId,ItineraryDayId,ItineraryId,itineraryservice2bookingid,itineraryservice2costid,ItineraryServiceId,LastModified,Markup,ParentItineraryServiceId,PreCost,PromotionType,ProviderId,providerservicebookingid,ProviderServiceId,QuotedGroupAllocation,ServiceDescriptionId,ServiceId,ServiceStartDate,ShowLocaleInfo,SimpleServiceName,SourceLocaleId,SourceLocaleIsGlobal,SourceLocaleName,startdatetime,systemofrecord,TimeOfDayId,UseCustomCost,vendordisplayname,VendorId,vendornotes,VpoThresholdCost
ItineraryService_AllDetails_WithBookingInfo_Beta|actualConvertedCost,actualConvertedCost_CurrencyId,actualCost,actualCost_currencyId,Alerts,BookingId,BookingStatusId,ClientNotes,ClientReference,ConvertedCost,ConvertedCost_CurrencyId,CopiedFromItineraryServiceId,Cost,Cost_CurrencyId,CustomServiceName,DateCreated,Day,DefaultQuotedGroupAllocation,Deleted,DisplayOrder,DriverId,Duration,EndDateTime,Expr1,Expr2,Expr3,GlobalServiceId,globalServiceName,IsActive,IsAlertDismissed,IsAlternateForService,IsCustom,ItineraryCategoryId,ItineraryDayId,ItineraryId,ItineraryService2BookingId,ItineraryService2CostId,ItineraryServiceId,LastModified,LocationID,LocationName,Markup,ParentItineraryServiceId,ProviderId,ProviderServiceBookingId,ProviderServiceId,QuotedGroupAllocation,ServiceId,ServiceStartDate,StartDateTime,TimeOfDayId,vendordisplayname,VendorId,VendorNotes
ItineraryService_SurpriseAndDelight|ActivityTypeName,BookedDate,Day,ItineraryServiceId,QuoteAgentName,ServiceCostUSD,ServiceName,ServiceStartDate,TripPrice,TripReference,TripSalesAllocation,TripStartDate,Vendor
ItineraryService2Booking_AllDetails|actualConvertedCost,actualConvertedCost_CurrencyId,actualCost,actualCost_currencyId,ApplyArbitrageFee,bookingid,bookingstatusid,clientnotes,clientreference,coaallocationid,critineraryserviceid,datecreated,driverid,enddatetime,HideInDropdown,internalnotes,isactive,itineraryservice2bookingid,itineraryservice2costid,itineraryserviceid,lastmodified,providerid,providerservicebookingid,providerserviceid,startdatetime,systemofrecord,vendordisplayname,vendorid,vendornotes
ItineraryServiceAlternates_Hotel|DestinationLocaleId,DisplayOrder,GlobalServiceId,globalServiceName,ItineraryServiceAlternatesId,ItineraryServiceId,LocaleId,ProviderServiceId,ServiceId,SourceLocaleId,VendorId
ItineraryServiceAlternates_Hotel_NoGlobal|DestinationLocaleId,DisplayOrder,GlobalServiceId,globalServiceName,ItineraryServiceAlternatesId,ItineraryServiceId,LocaleId,ProviderServiceId,ServiceId,SourceLocaleId,VendorId
ItineraryServiceServiceSeason|AdultCapacity,Capacity,CurrencyId,Deleted,EndDate,Flat,GlobalServiceId,MaxKidAge,MaxKidCapacity,Name,PerPerson,PerVehicle,ProviderServiceId,RateId,RateSetupId,RateStructureSetupId,RateTypeId,SeasonId,ServiceId,ServiceRateTypeId,StartDate,subItemId,SubItemName,VendorId
ItineraryTrip_RevenueAllocationByCOAAllocationByDate|coaallocationid,RevenueUSD,TripId,TripLedgerId,vendorTypeId
ItineraryTrip_TravelerRevenueByInvoiceTypeId|adjustedPrice,adjustedPrice_CurrencyId,adjustedPriceUSD,clientid,DueDate,invoicetypeid,itineraryId,payment,payment_currencyid,paymentUSD,quotedPrice,quotedPrice_CurrencyId,quotedPriceUSD,travelerId
ItineraryTrip_TravelerRevenueSummary|adjustedPrice,adjustedPrice_CurrencyId,adjustedPriceUSD,clientid,clientpaymenttypeid,DepositDueDate,depositPayment,depositPrice,DueDate,itineraryId,payment,payment_currencyid,paymentUSD,quotedPrice,quotedPrice_CurrencyId,quotedPriceUSD,travelerId
ItineraryTrip_VendorCostSummary|ActualConvertedCost,ActualConvertedCost_CurrencyId,ActualCost,ActualCost_CurrencyId,ActualCostUSD,DefaultCurrencyId,ItineraryId,ItineraryRef,ItineraryStartDate,LocaleId,ParentVendorId,QuotedConvertedCost,QuotedConvertedCost_CurrencyId,QuotedCost,QuotedCost_CurrencyId,QuotedCostUSD,vendordisplayname,vendorId,VendorTypeId
ItineraryTrip_VendorCostSummary_backupBeforeShowingAllVendors__|ActualConvertedCost,ActualConvertedCost_CurrencyId,ActualCost,ActualCost_CurrencyId,ActualCostUSD,DefaultCurrencyId,ItineraryId,ItineraryRef,ItineraryStartDate,LocaleId,ParentVendorId,PaymentTerms,QuotedConvertedCost,QuotedConvertedCost_CurrencyId,QuotedCost,QuotedCost_CurrencyId,QuotedCostUSD,vendordisplayname,vendorId,VendorTypeId
ItineraryTrip_VendorCostSummary_DC_JustActualCosts__|ActualCost,ActualCost_CurrencyId,DefaultCurrencyId,ItineraryId,ItineraryRef,ItineraryStartDate,LocaleId,ParentVendorId,PaymentTerms,vendordisplayname,vendorId,VendorTypeId
ItineraryTrip_VendorCostSummary_DC_WithVendors__|ActualConvertedCost,ActualConvertedCost_CurrencyId,ActualCost,ActualCost_CurrencyId,ActualCostUSD,DefaultCurrencyId,ItineraryId,ItineraryRef,ItineraryStartDate,LocaleId,ParentVendorId,PaymentTerms,QuotedConvertedCost,QuotedConvertedCost_CurrencyId,QuotedCost,QuotedCost_CurrencyId,QuotedCostUSD,vendordisplayname,vendorId,VendorTypeId
ItineraryTrip_VendorCostSummary_ForExcludedServices|ActualCost,ActualCost_CurrencyId,DefaultCurrencyId,ItineraryId,ItineraryRef,ItineraryStartDate,ParentVendorId,QuotedCost,QuotedCost_CurrencyId,vendordisplayname,vendorId
ItineraryTrip_VendorCostSummary_VendorView|actualconvertedcost,actualconvertedcost_currencyid,actualcost,actualcost_currencyid,actualcostusd,defaultcurrencyid,itineraryid,itineraryref,itinerarystartdate,localeid,parentvendorid,quotedconvertedcost,quotedconvertedcost_currencyid,quotedcost,quotedcost_currencyid,quotedcostusd,vendordisplayname,vendorid,vendortypeid
ItineraryTrip_VendorCostSummaryByCOAAllocationByDate|ActualCostUSD,coaallocationid,TripId,TripLedgerId,vendortypeid
ItineraryTrip_VendorCostSummaryByServiceType|ActualConvertedCost,ActualConvertedCost_CurrencyId,ActualCost,ActualCost_CurrencyId,ActualCostUSD,DefaultCurrencyId,ItineraryId,ItineraryRef,ItineraryStartDate,ParentVendorId,QuotedConvertedCost,QuotedConvertedCost_CurrencyId,QuotedCost,QuotedCost_CurrencyId,QuotedCostUSD,ServiceId,vendordisplayname,vendorId
ItineraryTrip_VendorCostSummaryByServiceTypeWithCommissionable|ActualConvertedCost,ActualConvertedCost_CurrencyId,ActualCost,ActualCost_CurrencyId,DefaultCurrencyId,IsCommissionable,ItineraryId,ItineraryRef,ItineraryStartDate,ParentVendorId,QuotedCost,QuotedCost_CurrencyId,ServiceId,vendordisplayname,vendorId
ItineraryTrip_VendorCostSummaryFromVPO|ActualCost,ActualCost_CurrencyId,ActualCostUSD,LocaleId,ParentVendorId,ProductId,QuotedCost,QuotedCostUSD,TripId,TripReference,TripStartDate,vendordisplayname,vendorId,VendorTypeId
IxItineraryTrip_SalesView|EndDate,ItineraryId,ItineraryStartDate,LocaleId,NumberOfDays,QuoteAgentId,SalesCOAAllocationId
IxTemplateItineraries|CompanyBrandId,Double4People,FeatureText,IsFeatured,IsOfficialAndLive,ItineraryCategoryId,ItineraryId,ItineraryTypeId,LocaleId,Name,NumberOfDays,SalesCOAAllocationId,TemplateTypeId
IxTemplateItineraries_WithDeletedCompanyBrand|CompanyBrandId,Double4People,FeatureText,IsFeatured,IsOfficialAndLive,Itinerary2CompanyBrandDeleted,ItineraryCategoryId,ItineraryId,ItineraryTypeId,LocaleId,Name,NumberOfDays,SalesCOAAllocationId,TemplateTypeId
IxTemplateItinerariesBranded_|CompanyBrandId,Double4People,FeatureText,IsFeatured,IsOfficialAndLive,ItineraryCategoryId,ItineraryId,ItineraryTypeId,Name,NumberOfDays
KT_HotelRoomVendors|gHotelRoomId,HotelId,HotelRoomCategoryId,IsDescriptionOnly,VendorId
Leads_Dashboard|AssignedById,AssignedToId,ClaimedTime,ClientId,ClientRequestId,ClientTypeId,COAAllocationId,CompletedDate,CurrentItineraryId,DateCreated,Deleted,DoNotExpire,IsExpired,IsInOpenPool,IsParked,IsProcessed,LeadAssignment_QuoteAgentId,LeadAssignmentId,LocaleId,NumberOfClientTrips,Parent_IsExpired,Parent_IsInOpenPool,Parent_QuoteAgentId,ParentLeadAssignmentId,ParentQuoteAgentActionId,QuoteAgentAction_QuoteAgentId,QuoteAgentActionId,QuoteAgentActionTypeId,TemplateItineraryId
MaxSeasonRate_Ground2Vehicle|CurrencyId,Ground2VehicleId,max_seasonenddate,retail,VendorId
MaxSeasonRate_HotelRoomCategory|CurrencyId,HotelRoomCategoryId,HotelRoomTypeId,Max_SeasonEndDate,retail,VendorId
MaxSeasonRate_TransportCategory|CurrencyId,max_seasonenddate,retail,transportCategoryId,VendorId
mw_GetTripDetails|ApprovalRequestId,BookedDate,Cancelled,CompanyBrandId,CompanyBrandName,CompanyId,DateCancelled,DateCreated,GroupName,IsArchived,IsPaidOff,LastModified,MainContactClientId,NumberOfDays,NumberOfPeople,PassportAlertDismiss,QuoteAgentEmail,QuoteAgentId,QuoteAgentName,SalesCoaAllocationId,SystemOfRecordId,TourAgentId,TRAMSResCardNum,TripId,TripLockId,TripName,TripReference,TripStartDate
OutsideSalesAgentRegions|Deleted,KTUserId,LastUpdated,Name,OutsideSales2TerritoryId,QuoteAgentId,Territory,TerritoryId
QuoteAgentActions|busDevRegionAgentId,busDevRegionAgentName,ClientDateCreated,ClientId,ClientLastModified,ClientTypeId,Country,CurrentItineraryId,DateCreated,Deleted,DoNotContact,Email,FirstName,GTSentMailDate,GTSentMailId,KTUserId,LastName,Notes,PITA,QuoteAgent,QuoteAgentActionId,QuoteAgentActionType,QuoteAgentActionTypeId,QuoteAgentId,Region,Repeat,State,subMonth,subYear,TourAgentId,TravelAgencyId,TravelAgencyName
RegisterEntries|AccountName,AllocationName,Amount,AmountCurrency,AmountUSD,Audited,BilledDate,CategoryDisplayOrder,CategoryName,CategoryTypeName,ClientId,ClientName,COAAllocationId,COACategoryId,COACategoryTypeId,COAID,COAParent,CompanyId,DateCreated,DebitCredit,DebitCreditRegisterId,DueDate,EffectiveDate,LECode,localeid,Memo,ParentCategoryDisplayOrder,ParentCategoryName,ParentCOACategoryId,PaymentDate,Reference,RegisterDateCreated,RegisterTransactionId,SourceAmount,SourceCurrency,TaxId,TaxName,TransactionSource,TripId,TripReference,VendorId,vendorName
Report_IncomeStatementPostedData|cogs,costL1,displayorder,L2,L3,localeid,mo,ResultType,rev,revL1,YearMonth,yr
Report_IncomeStatementPostedData_TravInv|cogs,costL1,displayorder,L2,L3,localeid,mo,ResultType,rev,revL1,YearMonth,yr
Report_TripServiceData|ActivityId,ActivityTypeName,BookingCode,BookingId,bookingStatus,BrandCode,Capacity_Vehicle,ChainCode,ConvertedCost,ConvertedCost_CurrencyId,Cost,Cost_CurrencyId,CostCurrencyName,DateCreated,DefaultQuotedGroupAllocation,Double,GlobalServiceId,globalServiceName,ItineraryId,itinerarystartdate,itinerarytypeid,ItineraryTypeName,NumberOfPeople,ProviderServiceId,Quad,QuotedGroupAllocation,RatesLastModified,RatesValidUntil,Region,SalesAllocation,salescoaallocationid,ServiceCategoryName,ServiceDescriptionId,ServiceId,ServiceName,ServiceStartDate,ServiceSubCategoryName,SimpleServiceName,Single,SourceLocaleId,SourceLocaleName,Triple,Twin,vendordisplayname,VendorId
Report_TripServiceData_Revised|ActivityTypeName,BookingId,bookingStatus,ConvertedCost,ConvertedCost_CurrencyId,Cost,Cost_CurrencyId,CostCurrencyName,DateCreated,DefaultQuotedGroupAllocation,GlobalServiceId,globalServiceName,IsCustomService,ItineraryId,ItineraryStartDate,ItineraryTypeId,ItineraryTypeName,ProviderServiceId,QuotedGroupAllocation,Region,SalesAllocation,SalesCOAAllocationId,ServiceCategoryName,ServiceDescriptionId,ServiceId,ServiceName,ServiceStartDate,SimpleServiceName,SourceLocaleId,SourceLocaleName,vendordisplayname,VendorId
SalesReportTripsFromTripLedgerByAgent|ActualCostUSD,BookedCostUSD,cancelled,COAAllocationId,postingdate,quoteAgentId,RevenueUSD,startDate,TripId,vendorTypeId
SalesReportTripsFromTripLedgerByAgent_XMonth_MK|ActualCostUSD,BookedCostUSD,cancelled,COAAllocationId,postingdate,quoteAgentId,RevenueUSD,startDate,TripId,vendorTypeId
SalesViewCRM|Channel,ClientId,ClientTypeId,CompletedDate,CurrentItineraryId,DateCreated,FollowUpDate,ParentQuoteAgentActionId,QuoteAgentActionId,QuoteAgentActionTypeId,QuoteAgentActionTypeName,QuoteAgentId,SalesCoaallocationId
SalesViewOperations|Cancelled,NumClientPayments,NumCustomCost,NumCustomService,NumHotels,NumNPSDetractors,NumNPSPromoters,NumNPSScores,NumPreferredHotel,NumServices,QuoteAgentId,RatingQualityAccommodation,RatingQualityDMC,RatingQualityTour,RatingRecommendKT,RatingRecommendSales,RefundAmountUSD,SalesCoaAllocationId,TripBookedDate,TripId,TripReference,TripStartDate
Service2Picture|activityId,GlobalServiceId,pictureid,rank,ServiceId
SupplierPaidTotals_ConvertedCost|cost,costpreadj,diff,fee,Paid,rev,tripId,vendorpayments
SupplierPaidTotals_Cost|cost,costpreadj,diff,fee,Paid,rev,tripId,vendorpayments
TemplateItineraryHotels|countbig,HotelId,ItineraryId
TemplateItineraryLocales|countbig,Day,DisplayOrder,ItineraryId,LocaleId,TimeOfDayId
TransportServiceSeason|AdultCapacity,CurrencyId,Deleted,EndDate,Flat,GlobalServiceId,MaxKidAge,MaxKidCapacity,Name,PerPerson,PerVehicle,ProviderServiceId,RateId,RateSetupId,RateStructureSetupId,RateTypeId,SeasonId,ServiceId,ServiceRateTypeId,StartDate,SubItemId,TransportCapacity,TransportName,VendorId
Travelers|AdjustedPrice_CurrencyId,Age,arrivalFlight,clientid,CurrencyHTML,CurrencyId,CurrencySymbol,DateOfBirth,departFlight,Email,Female,FlightARDue,Male,passportCountry,PassportExpiryDate,passportNumber,payment,Phone,travelerId,travelername,TripId,tripPrice,TripPrice_CurrencyId,tripPriceAdjust
Travelers_backup|adjustedPrice_currencyId,Age,arrivalFlight,clientid,CurrencyHTML,CurrencyId,CurrencySymbol,DateOfBirth,departFlight,Email,Female,FlightARDue,Male,passportCountry,PassportExpiryDate,passportNumber,payment,Phone,travelerId,travelername,tripId,TripItineraryId,tripPrice,TripPrice_CurrencyId,tripPriceAdjust
Trip_GroupTraveler|Age,arrivalFlight,ArrivalFlightSORId,Cancelled,clientid,DateOfBirth,deleted,departFlight,DepartureFlightSORId,diet,email,FirstName,GroupId,GroupOrder,health,InCountryContactNo,IsDefault,LastName,MiddleName,mobility,ParentGroupId,QuotedTravelerId,Release,ReleaseDate,SystemOfRecordId,TRAMSPassengerNum,travelerId,TravelerOrder,TripId,VisasObtained
Trip_QuotedCostByCOAAllocation|coaallocationid,CompanyId,datecancelled,quotedCost,QuotedCostUSD,TripId,TripStartDate,vendorid
Trip_TravelerRevenueSummary|adjustedPrice,adjustedPrice_CurrencyId,adjustedPriceUSD,clientid,clientpaymenttypeid,DepositDueDate,depositPayment,depositPrice,DueDate,InvoiceExpiration,payment,payment_currencyid,paymentUSD,quotedPrice,quotedPrice_CurrencyId,quotedPriceUSD,travelerId,tripId
Trip_TravelerRevenueSummary_Alt|adjustedPrice,adjustedPrice_CurrencyId,adjustedPriceUSD,clientid,clientpaymenttypeid,DepositDueDate,depositPayment,depositPrice,DueDate,InvoiceExpiration,payment,payment_currencyid,paymentUSD,quotedPrice,quotedPrice_CurrencyId,quotedPriceUSD,travelerId,tripId
Trip_TravelerRevenueSummaryByProduct|adjustedPrice,adjustedPrice_CurrencyId,adjustedPriceUSD,clientid,clientpaymenttypeid,DepositDueDate,depositPayment,depositPrice,DueDate,InvoiceExpiration,payment,payment_currencyid,paymentUSD,ProductId,quotedPrice,quotedPrice_CurrencyId,quotedPriceUSD,travelerId,tripId
Trip_VendorCostSummary|ActualCost,ActualCost_CurrencyId,ActualCostUSD,DefaultCurrencyId,LocaleId,ParentVendorId,ProductId,QuotedCost,QuotedCostUSD,TripId,TripReference,TripStartDate,vendordisplayname,vendorId,VendorTypeId
Trip_VendorCostSummary_Narrow|QuotedCostUSD,TripId,VendorTypeId
Trip_VendorQuotedCosts|ProductId,QuotedCost,QuotedCostUSD,VendorId
TripDetails|AirAlternatesId,AirClassId,airRatesId,bookingstatusid,ConvertedCost,ConvertedCost_CurrencyId,ConvertedNewCost,ConvertedNewCost_CurrencyId,Cost,Cost_CurrencyId,Day,DayNumber,details,DisplayOrder,doubles,DriverId,ground2vehicleid,hotelroomcategoryid,IsAlternate,ItineraryService2BookingId,ItineraryServiceId,NewCost,NewCost_CurrencyId,notes,NumberOfPeople,numberPeople,ParentTripDetailsId,ProviderServiceId,reports,ServiceId,singles,tripDetailsId,tripId,triples,twins,UseNewCost,VendorId
TripDetails_AllDetails_Ground_OBSOLETE_SEE_DEAN|AirAlternatesId,AirClassId,airRatesId,bookingStatusId,ConvertedCost,ConvertedCost_CurrencyId,cost,cost_currencyId,dayNumber,details,doubles,DriverId,GlobalServiceId,GlobalServiceName,ground2vehicleId,hotelRoomCategoryId,isAlternate,newCost,newCost_currencyId,notes,numberPeople,ParentTripDetailsId,ProviderId,providerServiceId,reports,serviceDate,serviceId,singles,tripDetailsId,tripId,triples,twins,UseNewCost,vendordisplayname,vendorId
TripDetails_AllDetails_Hotels_OBSOLETE_SEE_DEAN|AirAlternatesId,AirClassId,airRatesId,bookingStatusId,ConvertedCost,ConvertedCost_CurrencyId,cost,cost_currencyId,dayNumber,details,doubles,DriverId,GlobalServiceId,GlobalServiceName,ground2vehicleId,hotelRoomCategoryId,isAlternate,newCost,newCost_currencyId,notes,numberPeople,ParentTripDetailsId,ProviderId,providerServiceId,reports,serviceDate,serviceId,singles,tripDetailsId,tripId,triples,twins,UseNewCost,vendordisplayname,vendorId
TripDetails_AllDetails_OBSOLETE_SEE_DEAN|AirAlternatesId,AirClassId,airRatesId,bookingStatusId,ConvertedCost,ConvertedCost_CurrencyId,cost,cost_currencyId,dayNumber,details,doubles,DriverId,ground2vehicleId,hotelRoomCategoryId,isAlternate,newCost,newCost_currencyId,notes,numberPeople,ParentTripDetailsId,ProviderId,providerServiceId,reports,serviceDate,serviceId,singles,tripDetailsId,tripId,triples,twins,UseNewCost,vendordisplayname,vendorId
TripDetails_Beta_OBSOLETE_SEE_DEAN|AirAlternatesId,AirClassId,airRatesId,bookingstatusid,ConvertedCost,ConvertedCost_CurrencyId,ConvertedNewCost,ConvertedNewCost_CurrencyId,Cost,Cost_CurrencyId,Day,DayNumber,details,DisplayOrder,doubles,DriverId,ground2vehicleid,hotelroomcategoryid,IsAlternate,ItineraryService2BookingId,ItineraryServiceId,NewCost,NewCost_CurrencyId,notes,NumberOfPeople,numberPeople,ParentTripDetailsId,ProviderServiceId,reports,ServiceId,singles,tripDetailsId,tripId,triples,twins,UseNewCost,VendorId
TripDetailsWithGlobalIds_OBSOLETE_SEE_DEAN|AirAlternatesId,AirClassId,airRatesId,bookingStatusId,ConvertedCost,ConvertedCost_CurrencyId,cost,cost_currencyId,dayNumber,details,doubles,DriverId,GlobalServiceId,GlobalServiceName,ground2vehicleId,hotelRoomCategoryId,isAlternate,newCost,newCost_currencyId,notes,numberPeople,ParentTripDetailsId,ProviderId,providerServiceId,reports,serviceDate,serviceId,singles,tripDetailsId,tripId,triples,twins,UseNewCost,vendordisplayname,vendorId
TripItineraryLocales|bookeddate,countbig,ItineraryId,LocaleId
Trips|AgentCommissionPercent,BookDate,cancelledtrip,clientNotes,coordinatorid,DateUploaded,Excludes,FivePctDiscount,GroupName,groupSize,Includes,ItineraryId,ItineraryStartDate,kids0to12,kids13to17,OldTripId,Options,PaymentNotes,PostTripCall,PreTripCall,publictrip,QuoteAgentId,referralSource,RoomAllocations,StartDate,TCAgree,Terms,TourAgentCommissionPct,TourAgentCommissionSurcharge,TourAgentId,tripDays,tripId,tripName,tripRef,urgenttrip,vendorNotes
v_GetCurrencyRates|BaseCurrencyId,CurrencyId,dtIngested,FromBase,ToBase
v_RPT_FinanceViewTravelerInvoice|Amount,AmountUSD,BookedDate,Channel,ClientId,CompanyBrandId,CompanyId,CurrencyId,DueDate,EarnedDate,PostingDate,ProductCancelled,ProductCoaAllocationId,ProductId,ProductTypeId,TourAgentId,TravelerId,TripBookedDate,TripCancelledDate,TripCoaAllocationId,TripId,TripLedgerId,TripLedgerQuoteAgentId,TripQuoteAgentId,TripReference,TripStartDate
v_RPT_FinanceViewVendorCost|Amount,AmountUSD,BookedDate,Channel,ClientId,CompanyBrandId,CompanyId,CurrencyId,EarnedDate,ParentVendorId,PostingDate,ProductCancelled,ProductId,ProductItemCoaAllocationId,ProductItemId,ProductItemName,ProductItemType,ProductTypeId,ServiceId,TourAgentId,TripBookedDate,TripCancelledDate,TripCoaAllocationId,TripId,TripLedgerId,TripLedgerQuoteAgentId,TripQuoteAgentId,TripReference,TripStartDate,VendorCoaAllocationId,VendorId,VendorName,VendorTypeId
Vendor|_vendorOfVendorCOAID,AbilityToPaySuppliers,AbilityToScheduleGuides,activeComments,address,address2,APNotes,BookingProcedure,Cancellation,city,coaallocationid,CommissionPct,CompanyId,contact,country,DateCreated,DefaultCurrencyId,deleted,email,fax,FinanceOnly,inactive,Internal,IsAirfareVendor,IsGlobal,KTUserId,LocaleId,mobile,notes,Other,ParentId,Password,paymentTermId,phone,postalCode,PrimaryVendor,ProviderId,province,ReceivedTraining,RemittanceAdviceContact,RemittanceAdviceEmail,SalesLocaleId,SSMA_TimeStamp,StatusId,TRAMSProfileNum,Username,vendordisplayname,vendorId,vendorName,VendorOfVendorId,VendorPurchasingTypeId,VendorTypeId,VoucherInformation
VendorPaymentGrouping|amount,amountusd,coaid,currencyid,feeAmount,feeAmountUSD,feeSourceAmount,memo,paymentdate,reference,registertransactionid
VendorPaymentGroupingReports|amount,amountusd,coaid,currencyid,DateCreated,feeAmount,feeAmountUSD,feeSourceAmount,Memo,paymentdate,PaymentMethod,ProductId,Reference,registertransactionid,TripId,vendorexpenseid,vendorid
VendorServiceMarkupSummary|LocaleId,LocaleName,LocaleServiceName_Display,LocaleServiceName_UniqueKey,LocaleTypeName,MarketAdjustment,Markup,Reason,ReviewDate,ServiceManagementId,ServiceTypeName,TableDisplayOrder,VendorId,VendorMarkupId,VendorName
vw_ResultSetChanges_Itinerary_v2|change_type,deleted_record_ids,deleted_records,execution_time_ms,field_changes,has_changes,new_record_ids,new_records,previous_row_count,row_count,snapshot_date,snapshot_id,updated_records
vw_Rpt_FinanceViewRevenueAllocation|Amount,AmountUSD,BookedDate,CompanyBrandId,CompanyId,CurrencyId,EarnedDate,MainContactClientId,ParentVendorId,PostingDate,ProductCancelled,ProductId,ProductItemCoaAllocationId,ProductItemId,ProductItemName,ProductItemType,ProductTypeId,RevCoaAllocationId,ServiceId,TripBookedDate,TripCancelledDate,TripCoaAllocationId,TripId,TripLedgerId,TripLedgerQuoteAgentId,TripQuoteAgentId,TripReference,TripStartDate,VendorCoaAllocationId,VendorId,VendorName,VendorTypeId
vw_Rpt_FinanceViewTravelerInvoice|Amount,AmountUSD,BookedDate,Channel,ClientId,CompanyBrandId,CompanyId,CurrencyId,DueDate,EarnedDate,PostingDate,ProductCancelled,ProductCoaAllocationId,ProductId,ProductTypeId,TourAgentId,TravelerId,TripBookedDate,TripCancelledDate,TripCoaAllocationId,TripId,TripLedgerId,TripLedgerQuoteAgentId,TripQuoteAgentId,TripReference,TripStartDate
vw_Rpt_FinanceViewVendorCost|Amount,AmountUSD,BookedDate,Channel,ClientId,CompanyBrandId,CompanyId,CurrencyId,EarnedDate,ParentVendorId,PostingDate,ProductCancelled,ProductId,ProductItemCoaAllocationId,ProductItemId,ProductItemName,ProductItemType,ProductTypeId,ServiceId,TourAgentId,TripBookedDate,TripCancelledDate,TripCoaAllocationId,TripId,TripLedgerId,TripLedgerQuoteAgentId,TripQuoteAgentId,TripReference,TripStartDate,VendorCoaAllocationId,VendorId,VendorName,VendorTypeId
vw_TMT_ADX_RoomCategory|Category,Description,HotelId,HotelPropertyId,RoomName,TehotelPropertyMappingId,TeHotelRoomCategoryId,TMTRoomCateogory
vwcoaallocationtree|COAAllocationId,CompanyId,Level,ParentCOAAllocationId
vwCOACategoryTree|COACategoryId,ParentCOACategoryId
vwEveryDaySince2013|dt,Nbr
vwEveryDaySince2021_MK|dt,Nbr
vwEveryDaySinceStartDate_MK_NEW|dt,Nbr
vwGroundRates|Flat,Ground2VehicleId,MaximumRange,MaxPerPersonRate,MaxPerVehicleRate,MinimumRange,Rate_CurrencyId,RateTypeId
vwKTCamps|BookedDate,BookingStatusId,Cancelled,CustomServiceName,Day,doubles,GlobalServiceId,globalServiceName,GroupName,IsActive,IsCustom,ItineraryCategoryId,ItineraryId,ItineraryRef,ItineraryServiceId,ItineraryStartDate,Name,ProviderId,quads,ServiceId,ServiceStartDate,singles,triples,tripServiceBookingStatusId,twins,vendordisplayname,VendorId
vwLocaleTree|LocaleId,LocaleTypeId,ParentLocaleId,ParentLocaleTypeId
vwMaxGroundRates|Capacity,Ground2VehicleId,groundName,Markup,MaxPerPersonRate,MaxPerVehicleRate,Rate_CurrencyId
vwMinmaxhotelrate|gHotelRoomId,HotelId,HotelRoomCategoryId,IsRateOnRequest,IsTriple,maxrate,minRate,Rate_CurrencyId,VendorId
vwMinmaxhotelrate_Hints|gHotelRoomId,HotelId,HotelRoomCategoryId,IsTriple,maxrate,minRate,Rate_CurrencyId,VendorId
vwMinMaxHotelRate_withProviders|gHotelRoomId,MaxRate,MinRate,Rate_CurrencyID,VendorId
vwPackageRates|CurrencyId,Flat,ItineraryService2VendorRateTypeId,ItineraryServiceId,MaximumRange,MaxPerPersonRate,MaxPerVehicleRate,MinimumRange,RateTypeId,VendorId
vwSumSupplierPaymentDetails|ItineraryId,Paid
vwTourAgentTripsSummary|bookdate,commissionableRevenue,commissionPaid,commissionPayable,CostNonCommissionable,Fees,groupSize,ItineraryStartDate,revenue,TourAgentCommissionPct,TourAgentCommissionSurcharge,TourAgentId,tripId,tripRef
vwTourAgentTripsSummary_backup_bad|BookDate,commissionableRevenue,commissionPaid,commissionPayable,CostAir,Fees,groupSize,ItineraryStartDate,revenue,TourAgentCommissionPct,TourAgentCommissionSurcharge,TourAgentId,tripId,tripRef
vwTourAgentTripsSummary_new|bookdate,commissionableRevenue,commissionPaid,commissionPayable,CostAir,Fees,groupSize,ItineraryStartDate,revenue,TourAgentCommissionPct,TourAgentCommissionSurcharge,TourAgentId,tripId,tripRef
vwTramsMarketing|Address line 1,Address Mktg Permission,Apt/Suit,City,Client Name,Country,Creation Date,Data Source Id,E-mail,Email Mktg Permission,Interests,Phone,Phone Mktg Permission,Primary Agent Name,Profile Creation Year,Reporting Branch,State,Travel Categories,Trip Vendors
vwTransportRates|CurrencyId,Flat,MaximumRange,MinimumRange,PerPerson,PerVehicle,RateTypeId,SeasonEndDate,SeasonStartDate,transportCategoryId